575,"restaurantes_madrid","34531", "Restaurantes (Madrid)"
574,"SOBUY COMMERCIAL GMBH","26863", "SOBUY COMMERCIAL GMBH"
573,"JJQ Maquinaria SL","26828", "JJQ Maquinaria"
572,"VENTA ON-LINE ARTICULOS 2016","26867", "VENTA ON-LINE ARTICULOS 2016"
571,"Globalfurniture","26510", "globalfurniture"
570,"JUCSA","26509", "JUGUETES CARRION S.A."
569,"Arihant","26508", "Arihant Corporation"
568,"INDIGOS UG","0", ""
567,"Brandsemporium","26506", "Brandsemporium"
566,"Altillo Joyeros","26463", "Altillo Joyeros"
565,"Franquihogar","26234", "franquihogar"
564,"KimmyShop [ES]","26233", "9101-8739 Quebec Inc."
563,"KimmyShop.com","26232", "KimmyShop.com"
562,"-INFOPLANET-","26231", "-INFOPLANET-"
561,"KLIM","26230", "KLIM"
560,"Anastasia Fashions","26229", "Mainly Coats Ltd"
559,"INFOPLANET","26228", "INFOPLANET"
558,"Robotic Dreams, S.L.","25895", "Robotic Dreams, S.L."
557,"storetoys","25888", "storetoys"
556,"Maria Mateo Diaz","25887", "Maria Mateo Diaz"
555,"JPHONE","25886", "JPHONE"
554,"GoldBikes ","25885", "GoldBikes.es"
553,"More Office","25881", "MORE OFFICE, LDA"
552,"MastaPlasta","25879", "Vitresa Ltd"
551,"Web-sport","25878", "Web-sport"
550,"RUSABOX","25864", "RUSA BOX SL"
549,"2091- Ecommerce","25863", "2091- Ecommerce"
548,"Pekes Toy Store","25858", "Pekes Toy Store"
547,"Tupreciojusto","25867", "Tupreciojusto"
546,"Cnpr","25850", "Cnpr"
545,"Roasted King","0", ""
544,"FAF NUTRITION","25816", "FAF NUTRITION"
543,"devidavino.com","25845", "devidavino.com"
542,"TQM REGALOS","25813", "TODOTEXTIL, SL."
541,"Ángel Essence ","25810", "Ángel Essence "
540,"Custom Canvas MX","25809", "Custom Canvas MX"
539,"numeric","25516", "numeric ltd"
538,"Farmacia Universal 24H","25513", "Farmacia Universal 24H"
537,"A different life ","25512", "fratres Retail SL "
536,"Taller de coco","25337", "Yuli Cristina Amaya Solano"
535,"TXPRESS","25336", "Alejandro Gonzalez"
534,"MICROSHOP FR","25335", "MICROSHOP FR"
533,"MICROSHOP UK","25334", "MICROSHOP UK"
532,"Tearaja","25305", "Tearaja Pvt. Ltd."
531,"MICROSHOP ES","25145", "MICROSHOP ES"
530,"ardid","25141", "jesus lopez aranda"
529,"RANGRAGE","25128", "Sharvian Art and Fashion Pvt Ltd"
528,"Zuecos Cómodos","25108", "Zuecos Cómodos"
527,"white lotus anti aging","25017", "white lotus anti aging"
526,"PERFUMESIDEAL","25016", "PERFUMESIDEAL"
524,"LIBRERIA ALZOFORA","25010", "LIBRERIA ALZOFORA"
523,"eukalpia","25009", "Eukalpia Shop S.L."
522,"AUDIOZONA","25001", "GRANADOS Y SENECA S.L."
521,"Casa Gaspar","25000", "Casa Gaspar"
520,"INTECMA","25109", "INTECMA"
519,"TCM GOURMET EN CASA","24861", "TCM GOURMET EN CASA"
518,"Recambiostopcar","23888", "Recambiostopcar"
517,"Cartuchorecargable.com","13655", "Cartuchorecargable.com"
516,"Worhan","13654", "Worhan GmbH"
515,"HOGAR DECORA","13621", "CECILIA CABANA TOBIAS - GRUPO HOGAR DECORA"
514,"moldurart","1314", "moldurart"
513,"almacenesadan","1313", "ALMACENES ADRIAN Y ANGEL SL"
512,"Global Market","1312", "External Green S.L."
511,"fundafrree","1311", "bolsas en tela ecologica"
510,"Novomarketing","1308", "Novomarketing"
509,"AlmacenamientoPC","1306", "almacenamientoPC"
508,"ratna handicrafts","1305", "RATNA HANDICRAFTS"
507,"Quace","1304", "Quace Solutions"
506,"TONERAHORRO","1309", "TONERAHORRO"
500,"sergraficas","1295", "sergraficas "
499,"SmartOutlet","1294", "SmartOutlet"
498,"ELITESTRING APPARELS PVT. LTD","1292", "ELITESTRING APPARELS PVT. LTD"
497,"Cables & Etc","1291", "Cables & Etc."
496,"Bio-Energy","1290", "Bio-Energy"
495,"Boolavard","1288", "Boolevard Cosmetics Ltd."
494,"MICROSHOP","1287", "MICROSHOP"
493,"ZASCALO.COM","1286", "ZASCALO.COM"
492,"Bateria.es","1285", "Bateria.es"
491,"AUTENTICS","1282", "AUTENTICS"
490,"AST VILLAOLIVA TECNOLOGIAS S.L","1280", "AST VILLAOLIVA TECNOLOGIAS S.L"
489,"elmegabazar","1279", "Digali Tecnoloxía e Multimedia, S.L."
488,"brainrecords","1277", "brainrecords"
487,"rollosdepapel-online","1274", "rollosdepapel-online"
486,"PharmaSal€s","1273", "PharmaSal€s"
485,"sygma-group","1270", "sygma-group"
484,"Comercializadora de Maderas","1268", "Comercializadora de Maderas"
483,"Coreevo","1266", "Coreevo"
482,"LibrosBilbao","1264", "LibrosBilbao"
481,"Stylishmob.com","1259", "Stylishmob.com"
480,"Greenage","1262", "Greenage"
479,"BufanGol","1260", "BufanGol"
478,"runmarkt.de ","1255", "runmarkt.de "
477,"euroshop","1261", "euroshop"
476,"Cliths","1275", "Cliths"
475,"Asia Dragon","1251", "Asia Dragon"
474,"Llibres Detot","1250", "Llibres Detot"
473,"Bolsemack S.L","1249", "Bolsemack S.L"
472,"FMI Ltd","1248", "FMI Ltd"
471,"MOOVUP Only High Quality Devices","1247", "MALLSERVICES.TIC,SL"
470,"MarginMart, Inc.","1246", "MarginMart, Inc."
469,"Tienda Solofutbol","1245", "Tienda Solofutbol"
468,"AUDIO PROFESIONAL","1244", "AUDIO PROFESIONAL"
467,"DISCORSA S.L.","1237", "DISCORSA S.L."
466,"Inner Sense","1238", "Inner Sense"
465,"JIS BOUTIQUE","1235", "JIS BOUTIQUE"
464,"Nascens","1239", "Nascens"
463,"Vinos Y Cía","1240", "Vinos Y Cía"
462,"Hábitat&Jardín","1232", "Hábitat&Jardín"
461,"QUICK STEAM SL","1230", "QUICK STEAM SL"
460,"DVD STORE SPAIN","1229", "DVD STORE SPAIN"
458,"Abeleda","1225", "Abeleda"
457,"movilpiezas","1223", "movilpiezas"
456,"BODYDERM COSMETICA, S.L.","1221", "BODYDERM COSMETICA, S.L."
455,"LIBRERÍA CILSA","1220", "LIBRERÍA CILSA"
454,"test ecuador","1217", "test ecuador"
453,"AccesoriosMoto_com","1218", "AccesoriosMoto_com"
452,"Stylemygolf ","1216", "Stylemygolf "
451,"AccesoriosMoto.com","1213", "AccesoriosMoto.com"
450,"YAPA","1211", "YAPA"
449,"TANDER","1228", "TANDER"
448,"NewsDid SL","1209", "NewsDid SL"
447,"INZA SPEED S.L.","1208", "INZA SPEED S.L."
446,"POSTUREO WINES","1206", "POSTUREO WINES"
445,"Fakurma","1203", "Fakurma"
444,"GACO","1204", "GACO"
443,"Minaranja.es","1200", "Minaranja.es"
442,"Entucasamecole.com","1198", "Entucasamecole.com"
441,"FRUTEANDO","1197", "FRUTEANDO"
440,"Canh TN","1196", "Canh TN"
439,"paramipeque.com","1195", "paramipeque.com"
438,"TodoColageno","1193", "TodoColageno"
437,"iTodoweb","1192", "iTodoweb"
436,"XIFRE","1191", "XIFRE"
435,"SISTEMAS DE FLEJADO","0", ""
434,"NJOYERS","1190", "NJOYERS"
433,"Todo Para Moviles","1189", "Todo Para Moviles"
432,"jardinyagricola.com","1188", "jardinyagricola.com"
431,"BCNPharma ","1186", "BCNPharma "
430,"barato","1187", "barato"
429,"My Outlet Online","1185", "My Outlet Online"
428,"Checkautoupdate","1184", "Checkautoupdate"
427,"cepesiu finanzas","0", ""
426,"Yolanda Paz Delgado","1183", "Yolanda Paz Delgado"
425,"automotores quito ","1179", "automotores quito "
424,"Wine and Óle","1180", "Wine and Óle"
423,"SEG Vapour Ltd","1181", "SEG Vapour Ltd"
422,"DEVIDAVINO","1182", "DEVIDAVINO"
421,"Distribuidora de Bebidas Baco, S.A.","1177", "Distribuidora de Bebidas Baco, S.A."
420,"luaterra","1176", "luaterra"
419,"E2MIL SUINFOR S.L.","1173", "E2MIL SUINFOR S.L."
418,"FRIEND MEDIA SL","1172", "FRIEND MEDIA SL"
417,"Best Buy España","1170", "Best Buy España"
416,"hogar24.es","1171", "hogar24.es"
415,"JRM IBERICA","1169", "JRM IBERICA"
414,"Tecnotorba","965", "Tecnotorba"
413,"Master Beauty","1167", "Master Beauty"
412,"Ahorraenled","1165", "Ahorraenled"
411,"LACASATEXTIL.ES","1164", "LACASATEXTIL.ES"
410,"mknshop.es","1166", "mknshop.es"
409,"Media Port sp. z o.o.","1168", "Media Port sp. z o.o."
408,"ThePresentStore.eu","1163", "ThePresentStore.eu"
406,"narinder","1160", "narinder"
405,"Central Librera","1161", "Central Librera"
404,"Shingyo","1174", "Shingyo"
403,"dirsantjoan","1159", "dirsantjoan"
402,"LA CAJA MAGICA","1157", "LA CAJA MAGICA"
401,"PAPEL TONER Y CARTUCHOS ECOLOGICOS, S.L.","1158", "PAPEL TONER Y CARTUCHOS ECOLOGICOS, S.L."
400,"COMPRODEL","1156", "COMPRODEL"
399,"DICORE","1155", "DICORE"
398,"Outlet SS","1154", "Outlet SS"
397,"Hispazon","1152", "Hispazon"
396,"lalala","192", "lalala"
395,"NuCasa","1150", "NuCasa"
394,"ECOSHIRT","1149", "ECOSHIRT"
393,"Software Suite Worldwide","1145", "Software Suite Worldwide"
392,"ADS","1175", "ADS"
391,"AVALTEC-ADS","0", ""
390,"Bebevino.es","1144", "Bebevino.es"
389,"spotsound","1143", "spotsound"
388,"Ye Olde Git","1142", "Ye Olde Git"
387,"NETNBUY.COM","1141", "NETNBUY.COM"
386,"Bcnvinilos","1140", "Bcnvinilos"
385,"tintaytonermalaga.com","1130", "tintaytonermalaga.com"
384,"Top Star Technology Limited","1129", "Top Star Technology Limited"
383,"ECOSHIRT ARTICULOS Y VINILOS PERSONALIZADOS","1128", "ECOSHIRT ARTICULOS Y VINILOS PERSONALIZADOS"
382,"Viva el Cole.com","1127", "Viva el Cole.com"
381,"marketing y gestion web maxer s.l.","1126", "marketing y gestion web maxer s.l."
380,"Plodit","1125", "Plodit"
379,"eWorldStock","1124", "eWorldStock"
378,"RefurbishedMarket","1123", "RefurbishedMarket"
377,"GLOBAL RELAX","1122", "GLOBAL RELAX"
376,"Pet Things","1121", "Pet Things"
375,"SPC Marketing","1120", "SPC Marketing"
374,"DVCENTRE","1119", "DVCENTRE"
373,"MOBILE CENTRE","1118", "MOBILE CENTRE"
372,"Decocook","1117", "Decocook"
371,"OCASIONALIA.ES","1116", "OCASIONALIA.ES"
370,"Planetacase","1114", "Planetacase"
369,"JCL","1139", "JCL"
368,"LIBRERIA ROSETTA","1109", "LIBRERIA ROSETTA"
367,"Kids Store","1108", "Kids Store"
366,"Agapea Libros Urgentes","1107", "Agapea Libros Urgentes"
365,"grupojye.es","1105", "grupojye.es"
364,"LAGARTERANA","1104", "LAGARTERANA"
363,"GYC UNIFORMES ","1103", "GYC UNIFORMES "
362,"CANALLAStyle","1102", "CANALLAStyle"
361,"Decora tu pared","1100", "Decora tu pared"
360,"INFORCHESS","1099", "INFORCHESS"
359,"intimates.es","1098", "intimates.es"
358,"Pkdos.es","1096", "Pkdos.es"
357,"Suma Commerce, S.L.","1095", "Suma Commerce, S.L."
355,"By Nerea Garmendia","1092", "By Nerea Garmendia"
354,"jvcuchillos de aventura","1093", "jvcuchillos de aventura"
353,"FLOWER PASION GROW SHOP","1091", "FLOWER PASION GROW SHOP"
352,"SUPLENATUR","1090", "SUPLENATUR"
351,"KLASIKS","1089", "KLASIKS"
350,"La Tienda Del Buceador","1088", "La Tienda Del Buceador"
349,"AsTinta","1087", "AsTinta"
348,"Xesta Tienda Peregrina y Parafarmacia","1086", "Xesta Tienda Peregrina y Parafarmacia"
347,"ARTES","1084", "ARTES"
346,"FERRETERIA LA PARADA","1085", "FERRETERIA LA PARADA"
345,"TROFEOS ALEX Y JAVI","1083", "TROFEOS ALEX Y JAVI"
344,"LA BAYONESA","1082", "LA BAYONESA"
343,"SelegnaJuguetes","1081", "SelegnaJuguetes"
342,"DIABETIKA","1073", "DIABETIKA"
340,"finditstore","1079", "finditstore"
339,"Nauticmar","1080", "Nauticmar"
338,"Huella Artesanal","1075", "Huella Artesanal"
337,"xlcars","1138", "xlcars"
336,"diwan.es","1071", "diwan.es"
335,"ASTROMET","1069", "ASTROMET"
334,"SOUTHHANDS","1094", "SOUTHHANDS"
333,"TechGuaraniES","1067", "TechGuaraniES"
332," EMERGENCIAS 911","1068", " EMERGENCIAS 911"
331,"MOUSE MULTIMEDIA","1065", "MOUSE MULTIMEDIA"
330,"FERRETERIA ALBALADEJO","1066", "FERRETERIA ALBALADEJO"
329,"Delicious Mundo Gourmet","1064", "Delicious Mundo Gourmet"
328,"ISS TRADERS","1063", "ISS TRADERS"
327,"dronespro","1062", "dronespro"
326,"Kanzaru","1061", "Kanzaru"
325,"SANIPUNT","1060", "SANIPUNT"
324,"SERVIASTEL","1059", "SERVIASTEL"
323,"Incode","1058", "Incode"
322,"Enersoluz","1053", "Enersoluz"
321,"Budaazul.com","1044", "Budaazul.com"
320,"Tu Pijama","1052", "Tu Pijama"
319,"Sidimo Moda","1051", "Sidimo Moda"
317,"www.thebroomshop.com","1050", "www.thebroomshop.com"
316,"DigitalesGroup","1049", "DigitalesGroup"
314,"Mayor Bisutería","1047", "Mayor Bisutería"
313,"IMPORTADORA VARIEDADONLINE CIA.LTDA.","1046", "IMPORTADORA VARIEDADONLINE CIA.LTDA."
312,"erotisex","1045", "erotisex"
311,"HVG","1041", "HVG"
310,"FARMACIA JIMENEZ BARCELONA","1034", "FARMACIA JIMENEZ BARCELONA"
309,"modalia.com","1137", "modalia.com"
308,"WEBTOTAL","1033", "WEBTOTAL"
306,"Bugatti","1032", "Bugatti"
305,"ACONTRALUZ MARBELLA","1031", "ACONTRALUZ MARBELLA"
304,"NICEFOOD","1030", "NICEFOOD"
303,"Recanvis del Barri","1029", "Recanvis del Barri"
302,"Fábrica de Sofás y Colchones","1028", "Fábrica de Sofás y Colchones"
301,"PG BY PATRICIA GUILLEN","1027", "PG BY PATRICIA GUILLEN"
300,"Redontex SL","1026", "Redontex SL"
299,"MADERAS BEDIA Y CABARGA, S.A.","1025", "MADERAS BEDIA Y CABARGA, S.A."
298,"Zona Cero Aki el rock es lo primero","1024", "Zona Cero Aki el rock es lo primero"
295,"Shoppcraze","1136", "Shoppcraze"
293,"MinimoPrecio","1023", "MinimoPrecio"
292,"Tucuman Adventure","1022", "Tucuman Adventure"
291,"RedesDeportivasOnline","1135", "RedesDeportivasOnline"
290,"Bicicletadas LATAM","1020", "Bicicletadas LATAM"
289,"Bicicletadas EN","1019", "Bicicletadas EN"
288,"DEPORTES EVOLUTION","1021", "DEPORTES EVOLUTION"
287,"BUNKER FOOTWEAR","1018", "BUNKER FOOTWEAR"
285,"Bicicletadas","1016", "Bicicletadas"
284,"SPORTVITY","1015", "SPORTVITY"
283,"DISBABY","1013", "DISBABY"
282,"FARMADINA","1012", "FARMADINA"
281,"Campoluz Enoteca","1010", "Campoluz Enoteca"
280,"Comprebien","1009", "Comprebien"
279,"Chia-Direct","1014", "Chia-Direct"
278,"Shopifyl Discount","1007", "Shopifyl Discount"
277,"Webshops 24/7","1134", "Webshops 24/7"
276,"Intercuantic","1003", "Intercuantic"
275,"CTL","1004", "CTL"
274,"Donmascota.es","1001", "Donmascota.es"
273,"Muenisimo","1000", "Muenisimo"
272,"BOUROA","1006", "BOUROA"
271,"MILPRODUCTOS","1002", "MILPRODUCTOS"
269,"BRICODIY","999", "BRICODIY"
268,"Delicat Plural","998", "Delicat Plural"
267,"Supermercado Barato","997", "Supermercado Barato"
266,"Regalos al mejor precio","1005", "Regalos al mejor precio"
265,"Bichosa","996", "Bichosa"
264,"SeedBox","994", "SeedBox"
263,"Bazar Tamara","993", "Bazar Tamara"
262,"BE Happy","995", "BE Happy"
261,"Animalades","992", "Animalades"
260,"Vestuario de Danza","991", "Vestuario de Danza"
259,"BEXTREME","990", "BEXTREME"
258,"KawaiiClothing","1133", "KawaiiClothing"
257,"AYSA","988", "AYSA"
256,"JamonesHam","987", "JamonesHam"
255,"masquecalzado","984", "masquecalzado"
254,"ARTEMIS","983", "ARTEMIS"
253,"Ana Parra","986", "Ana Parra"
252,"todobarato24h","985", "todobarato24h"
251,"CosmeticaClub","982", "CosmeticaClub"
250,"MONEDALIA","989", "MONEDALIA"
248,"The Ecological Products","981", "The Ecological Products"
247,"Xikixi Spain","980", "Xikixi Spain"
246,"Ferreteria Plus","979", "Ferreteria Plus"
245,"RGRelectrodomesticos","978", "RGRelectrodomesticos"
243,"PadelTienda","976", "PadelTienda"
242,"tiendakimerex","975", "tiendakimerex"
241,"Jelux Jewelry & Luxury","974", "Jelux Jewelry & Luxury"
240,"ROPA MODA GDL","973", "ROPA MODA GDL"
238,"Rasgocorp","970", "Rasgocorp"
237,"WE ARE KNITTERS","971", "WE ARE KNITTERS"
236,"Expo Bazar","968", "Expo Bazar"
235,"TiendaPCMadrid","972", "TiendaPCMadrid"
234,"Lola Rey","967", "Lola Rey"
233,"La Tienda del Pingüino","966", "La Tienda del Pingüino"
232,"Euromoto","1055", "Euromoto"
231,"FERRETERIA RIERA","964", "FERRETERIA RIERA"
230,"Electroactiva","963", "Electroactiva"
229,"GreenPrinter","962", "GreenPrinter"
228,"OFIMIL Todo para la Oficina","961", "OFIMIL Todo para la Oficina"
227,"Bicicletas Rubiano (La primera Bicicletería d","960", "Bicicletas Rubiano (La primera Bicicletería d"
226,"Joyeria Relojeria Guerrero","959", "Joyeria Relojeria Guerrero"
225,"OB Pharma","958", "OB Pharma"
223,"tusojitos","957", "tusojitos"
222,"Dmcfitness","956", "Dmcfitness"
221,"TiendaAzul","955", "TiendaAzul"
220,"RedGsmMovil","954", "RedGsmMovil"
219,"Socylmediapc","953", "Socylmediapc"
218,"Farmalinea.es","952", "Farmalinea.es"
217,"La Tahona del Convento","942", "La Tahona del Convento"
216,"Calzado Romero","941", "Calzado Romero"
215,"Alcolea Ing y electricidad","951", "Alcolea Ing y electricidad"
214,"bcnstick","950", "bcnstick"
213,"RICKYGAMES","939", "RICKYGAMES"
212,"Compañia General de Novedades","949", "Compañia General de Novedades"
211,"PIBER","948", "PIBER"
210,"Electronicheap","947", "Electronicheap"
209,"Naturoom","943", "Naturoom"
208,"Toner1.es","936", "Toner1.es"
207,"COMPRAUNCHOLLO.COM","940", "COMPRAUNCHOLLO.COM"
206,"albithinia regalos","946", "albithinia regalos"
205,"Biogarden","944", "Biogarden"
204,"PepeBikes.com","938", "PepeBikes.com"
203,"Anaissa","935", "Anaissa"
202,"Granta SL","937", "Granta SL"
201,"COMPRA-VENTA-TONER","933", "COMPRA-VENTA-TONER"
198,"Ferretería MaSi","930", "Ferretería MaSi"
197,"Supernova Decoracion","945", "Supernova Decoracion"
196,"Nenufar Shop","934", "Nenufar Shop"
195,"Ediled","929", "Ediled"
194,"OndaBike","928", "OndaBike"
192,"Mais Moda","926", "Mais Moda"
191,"Francisco Antonio ´Frutos Jimenez","923", "Francisco Antonio ´Frutos Jimenez"
189,"Intima Júlia SL","924", "Intima Júlia SL"
188,"Mabel J. Graña","925", "Mabel J. Graña"
187,"FQP NETWORK","921", "FQP NETWORK"
186,"Juan Luis Huesca S.L.","920", "Juan Luis Huesca S.L."
185,"Europashops","919", "Europashops"
184,"MINEEFRUITS NATURAL PRODUCTS","918", "MINEEFRUITS NATURAL PRODUCTS"
183,"Venta Multicanal","917", "Venta Multicanal"
181,"José maría Inglés Hernández","916", "José maría Inglés Hernández"
180,"Practica Shopping S.L.U","915", "Practica Shopping S.L.U"
179,"Un Buey con Habas, S.L.","914", "Un Buey con Habas, S.L."
177,"Oriome S.L","912", "Oriome S.L"
176,"Divyl S.A.","910", "Divyl S.A."
175,"Xikixi Systems SL","909", "Xikixi Systems SL"
174,"Meyvaser cb","908", "Meyvaser cb"
172,"Julio López Garcia","906", "Julio López Garcia"
171,"Internet Shop & Sale SL","888", "Internet Shop & Sale SL"
170,"Empetel Phone Center","889", "Empetel Phone Center"
168,"Manel Alonso de Linaje Serrano","890", "Manel Alonso de Linaje Serrano"
167,"Bertin Perez Belon","891", "Bertin Perez Belon"
166,"Joeri van de wiele","887", "Joeri van de wiele"
165,"ANTONIO CERRO INIESTA","885", "ANTONIO CERRO INIESTA"
159,"taleb mohssine","892", "taleb mohssine"
157,"baby planet","894", "baby planet"
152,"Suplments, tiendas de suplementos naturales S","905", "Suplments, tiendas de suplementos naturales S"
121,"Guillermo Peris Peris","902", "Guillermo Peris Peris"
120,"Tendeus Spain, S.L.","875", "Tendeus Spain, S.L."
119,"Eleazere Cem","901", "Eleazere Cem"
117,"Laura Iglesias Corominas","900", "Laura Iglesias Corominas"
116,"PEQUESS","861", "PEQUESS"
115,"abdinformatica","864", "abdinformatica"
114,"eleganciaerotica","866", "eleganciaerotica"
113,"Santiago Palomares","899", "Santiago Palomares"
112,"rafalucena","865", "rafalucena"
111,"juanmunozrey","863", "juanmunozrey"
110,"NOTHINGSURF.COM","858", "NOTHINGSURF.COM"
109,"Maria","859", "Maria"
108,"Salvador Artesano","857", "Salvador Artesano"
107,"decorizate","898", "decorizate"
106,"Todo Confetti","852", "Todo Confetti"
105,"Clicktime","851", "Clicktime"
103,"Mundo Animal","853", "Mundo Animal"
102,"Daniel Ribota Rojo","896", "Daniel Ribota Rojo"
101,"comprarcapsulas","855", "comprarcapsulas"
99,"Enrique Perez","850", "Enrique Perez"
97,"Francisco Ortuño","856", "Francisco Ortuño"
96,"MALTEC","897", "MALTEC"
89,"Beltran","846", "Beltran"
88,"PerfumeSelectivo.com","845", "PerfumeSelectivo.com"
87,"TuColchon.es","833", "TuColchon.es"
86,"Mascotas1000.com","844", "Mascotas1000.com"
85,"juguetronica","843", "juguetronica"
84,"Miguel","842", "Miguel"
83,"Ambar-Muebles","841", "Ambar-Muebles"
82,"Eduardo Cenzano","840", "Eduardo Cenzano"
81,"TECNOLOGIAMOVIL","832", "TECNOLOGIAMOVIL"
80,"motorpersianas","839", "motorpersianas"
79,"Angel A. Núñez Queiro","828", "Angel A. Núñez Queiro"
78,"Alfonso","827", "Alfonso"
77,"CARLOS MARIN","826", "CARLOS MARIN"
76,"Mabe Moda","825", "Mabe Moda"
75,"Jordi Ribes","848", "Jordi Ribes"
74,"jmasferrer@cosmeticclub.es","823", "jmasferrer@cosmeticclub.es"
73,"comprasclick","822", "comprasclick"
72,"Mario","816", "Mario"
71,"canhtn252","815", "canhtn252"
69,"Funidelia","831", "Funidelia"
67,"Nutrición & Entrenamiento ","824", "Nutrición & Entrenamiento "
66,"Procomponentes","817", "Procomponentes"
65,"gonvi","818", "gonvi"
64,"Chollitos","820", "Chollitos"
63,"Inforguito","819", "Inforguito"
62,"LOSSUPERPRECIOS","838", "LOSSUPERPRECIOS"
61,"nube-bebe","1132", "nube-bebe"
60,"TOYLANDSTORE","830", "TOYLANDSTORE"
59,"Simon Senior","821", "Simon Senior"
58,"infopavon","810", "infopavon"
56,"Fitness y Bienestar","800", "Fitness y Bienestar"
54,"Comprafacil.es","801", "Comprafacil.es"
52,"vendortestmail","876", "vendortestmail"
48,"Imosver","792", "Imosver"
47,"PC Imagine","794", "PC Imagine"
37,"Diego Martinez Apariio","895", "Diego Martinez Apariio"
